<?xml version="1.0" encoding="UTF-8"?>
<!DOCTYPE generatorConfiguration PUBLIC "-//mybatis.org//DTD MyBatis Generator Configuration 1.0//EN" "http://mybatis.org/dtd/mybatis-generator-config_1_0.dtd">
<generatorConfiguration>
	<context id="context1">
		<jdbcConnection connectionURL="jdbc:mysql://localhost:3306/model_web"
			driverClass="com.mysql.jdbc.Driver" password="root" userId="root" />
		<javaModelGenerator targetPackage="com.ddp.domain"
			targetProject="ssm_project/src/main/java" />
		<sqlMapGenerator targetPackage="com.ddp.mapper"
			targetProject="ssm_project/src/main/java" />
		<javaClientGenerator targetPackage="com.ddp.dao"
			targetProject="ssm_project/src/main/java" type="XMLMAPPER" />

			
		<table tableName="T_TASK" domainObjectName="Task"
			enableCountByExample="false" enableUpdateByExample="false"
			enableDeleteByExample="false" enableSelectByExample="false"
			selectByExampleQueryId="false" />
			
		<table tableName="T_TASK_TIMER" domainObjectName="TaskTimer"
			enableCountByExample="false" enableUpdateByExample="false"
			enableDeleteByExample="false" enableSelectByExample="false"
			selectByExampleQueryId="false" />

	</context>
</generatorConfiguration>