<?xml version="1.0" encoding="UTF-8"?>
<beans xmlns="http://www.springframework.org/schema/beans"
  xmlns:p="http://www.springframework.org/schema/p"
  xmlns:xsi="http://www.w3.org/2001/XMLSchema-instance"
  xmlns:context="http://www.springframework.org/schema/context"
  xmlns:mvc="http://www.springframework.org/schema/mvc"
  xsi:schemaLocation="
    http://www.springframework.org/schema/beans
    http://www.springframework.org/schema/beans/spring-beans-3.2.xsd
    http://www.springframework.org/schema/context
    http://www.springframework.org/schema/context/spring-context-3.2.xsd
    http://www.springframework.org/schema/mvc
    http://www.springframework.org/schema/mvc/spring-mvc-3.2.xsd">
    <!-- 扫描controller（controller层注入） -->
   <context:component-scan base-package="com.*.controller" annotation-config="true"/>
   
   <mvc:annotation-driven content-negotiation-manager="contentNegotiationManager" />   
<bean id="contentNegotiationManager" class="org.springframework.web.accept.ContentNegotiationManagerFactoryBean">   
    <property name="favorPathExtension" value="false" />  
    <property name="favorParameter" value="false" />   
    <property name="ignoreAcceptHeader" value="false" />   
    <property name="mediaTypes" >   
        <value>  
            atom=application/atom+xml  
            html=text/html  
            json=application/json  
            *=*/*  
        </value>   
    </property>  
</bean>  
  
   <!-- 对模型视图添加前后缀 -->
     <bean id="viewResolver" class="org.springframework.web.servlet.view.InternalResourceViewResolver"
      p:prefix="/WEB-INF/view/" p:suffix=".jsp"/>
      
    <mvc:resources mapping="/js/**" location="/js/" />
    <mvc:resources mapping="/images/**" location="/images/" />
    <mvc:resources mapping="/css/**" location="/css/" />
    <mvc:resources mapping="/vendors/**" location="/vendors/" />
  <!-- 配置拦截器 -->  
 <mvc:interceptors>  
     <!-- 多个拦截器，顺序执行 -->  
      <!-- 配置登陆拦截器 -->  
      <mvc:interceptor>  
          <mvc:mapping path="/**"/>
          <bean class="com.base.interceptor.LoginInterceptor">
           <property name="allowUrls">    
            <list>    
              <!-- 如果请求中包含以下路径，则不进行拦截 -->    
              <value>/demo</value>   
              <value>/js</value>    
              <value>/images</value>   
              <value>/css</value>   
              <value>/vendors</value>   
            </list>    
          </property>
          </bean>  
      </mvc:interceptor>  
 </mvc:interceptors>  

</beans>