<?xml version="1.0" encoding="UTF-8"?>
<!DOCTYPE mapper PUBLIC "-//mybatis.org//DTD Mapper 3.0//EN" "http://mybatis.org/dtd/mybatis-3-mapper.dtd">
<mapper namespace="com.system.dao.MenuMapper">
	<resultMap id="BaseResultMap" type="com.system.domain.Menu">
		<!-- WARNING - @mbg.generated This element is automatically generated by 
			MyBatis Generator, do not modify. This element was generated on Fri May 25 
			17:43:36 CST 2018. -->
		<id column="id" jdbcType="VARCHAR" property="id" />
		<result column="menu_code" jdbcType="VARCHAR" property="menuCode" />
		<result column="menu_name" jdbcType="VARCHAR" property="menuName" />
		<result column="url" jdbcType="VARCHAR" property="url" />
		<result column="des" jdbcType="VARCHAR" property="des" />
		<result column="pid" jdbcType="VARCHAR" property="pid" />
		<result column="state" jdbcType="VARCHAR" property="state" />
		<result column="menu_icon" jdbcType="VARCHAR" property="menuIcon" />
		<result column="level" jdbcType="VARCHAR" property="level" />
	</resultMap>
	<sql id="Base_Column_List">
		<!-- WARNING - @mbg.generated This element is automatically generated by 
			MyBatis Generator, do not modify. This element was generated on Fri May 25 
			17:43:36 CST 2018. -->
		id, menu_code, menu_name, url, des, pid, state,menu_icon,level
	</sql>
	<select id="selectByPrimaryKey" parameterType="java.lang.String"
		resultMap="BaseResultMap">
		<!-- WARNING - @mbg.generated This element is automatically generated by 
			MyBatis Generator, do not modify. This element was generated on Fri May 25 
			17:43:36 CST 2018. -->
		select
		<include refid="Base_Column_List" />
		from t_sys_menu
		where id = #{id,jdbcType=VARCHAR}
	</select>
	<delete id="deleteByPrimaryKey" parameterType="java.lang.String">
		<!-- WARNING - @mbg.generated This element is automatically generated by 
			MyBatis Generator, do not modify. This element was generated on Fri May 25 
			17:43:36 CST 2018. -->
		delete from t_sys_menu
		WHERE id IN
		<foreach collection="mids" item="id" index="index" open="("
			close=")" separator=",">
			#{id}
		</foreach>
	</delete>
	<insert id="insert" parameterType="com.system.domain.Menu">
		<!-- WARNING - @mbg.generated This element is automatically generated by 
			MyBatis Generator, do not modify. This element was generated on Fri May 25 
			17:43:36 CST 2018. -->
		insert into t_sys_menu (id, menu_code, menu_name,
		url, des, pid,
		state,menu_icon,level
		)
		values (#{id,jdbcType=VARCHAR},
		#{menuCode,jdbcType=VARCHAR},
		#{menuName,jdbcType=VARCHAR},
		#{url,jdbcType=VARCHAR},
		#{des,jdbcType=VARCHAR},
		#{pid,jdbcType=VARCHAR},
		#{state,jdbcType=VARCHAR},
		#{menuIcon,jdbcType=VARCHAR},
		#{level,jdbcType=VARCHAR}
		)
	</insert>
	<insert id="insertSelective" parameterType="com.system.domain.Menu">
		<!-- WARNING - @mbg.generated This element is automatically generated by 
			MyBatis Generator, do not modify. This element was generated on Fri May 25 
			17:43:36 CST 2018. -->
		insert into t_sys_menu
		<trim prefix="(" suffix=")" suffixOverrides=",">
			<if test="id != null">
				id,
			</if>
			<if test="menuCode != null">
				menu_code,
			</if>
			<if test="menuName != null">
				menu_name,
			</if>
			<if test="url != null">
				url,
			</if>
			<if test="des != null">
				des,
			</if>
			<if test="pid != null">
				pid,
			</if>
			<if test="state != null">
				state,
			</if>
			<if test="menuIcon != null">
				menu_icon,
			</if>
			<if test="level != null">
				level,
			</if>
		</trim>
		<trim prefix="values (" suffix=")" suffixOverrides=",">
			<if test="id != null">
				#{id,jdbcType=VARCHAR},
			</if>
			<if test="menuCode != null">
				#{menuCode,jdbcType=VARCHAR},
			</if>
			<if test="menuName != null">
				#{menuName,jdbcType=VARCHAR},
			</if>
			<if test="url != null">
				#{url,jdbcType=VARCHAR},
			</if>
			<if test="des != null">
				#{des,jdbcType=VARCHAR},
			</if>
			<if test="pid != null">
				#{pid,jdbcType=VARCHAR},
			</if>
			<if test="state != null">
				#{state,jdbcType=VARCHAR},
			</if>
			<if test="menuIcon != null">
				#{menuIcon,jdbcType=VARCHAR},
			</if>
			<if test="level != null">
				#{level,jdbcType=VARCHAR},
			</if>
		</trim>
	</insert>
	<update id="updateByPrimaryKeySelective" parameterType="com.system.domain.Menu">
		<!-- WARNING - @mbg.generated This element is automatically generated by 
			MyBatis Generator, do not modify. This element was generated on Fri May 25 
			17:43:36 CST 2018. -->
		update t_sys_menu
		<set>
			<if test="menuCode != null">
				menu_code = #{menuCode,jdbcType=VARCHAR},
			</if>
			<if test="menuName != null">
				menu_name = #{menuName,jdbcType=VARCHAR},
			</if>
			<if test="url != null">
				url = #{url,jdbcType=VARCHAR},
			</if>
			<if test="des != null">
				des = #{des,jdbcType=VARCHAR},
			</if>
			<if test="pid != null">
				pid = #{pid,jdbcType=VARCHAR},
			</if>
			<if test="state != null">
				state = #{state,jdbcType=VARCHAR},
			</if>
			<if test="menuIcon != null">
				menu_icon = #{menuIcon,jdbcType=VARCHAR},
			</if>
			<if test="level != null">
				level = #{level,jdbcType=VARCHAR},
			</if>
		</set>
		where id = #{id,jdbcType=VARCHAR}
	</update>
	<update id="updateByPrimaryKey" parameterType="com.system.domain.Menu">
		<!-- WARNING - @mbg.generated This element is automatically generated by 
			MyBatis Generator, do not modify. This element was generated on Fri May 25 
			17:43:36 CST 2018. -->
		update t_sys_menu
		set menu_code = #{menuCode,jdbcType=VARCHAR},
		menu_name = #{menuName,jdbcType=VARCHAR},
		url =
		#{url,jdbcType=VARCHAR},
		des = #{des,jdbcType=VARCHAR},
		pid =
		#{pid,jdbcType=VARCHAR},
		state = #{state,jdbcType=VARCHAR},
		menu_icon = #{menuIcon,jdbcType=VARCHAR},
		level = #{level,jdbcType=VARCHAR}
		where id =
		#{id,jdbcType=VARCHAR}
	</update>
	<select id="getAll" parameterType="com.base.tools.PageBean"
		resultMap="BaseResultMap">
		select
		<include refid="Base_Column_List" />
		from t_sys_menu
		<where>
			1=1
			<if test="menu.id != null">
				and pid = #{menu.id,jdbcType=VARCHAR}
			</if>
		</where>
		<if test="dg.column != null and dg.dir != null">order by ${dg.column} ${dg.dir}</if>
		<if test="dg.startRow != null and dg.pageSize != null">limit #{dg.startRow},#{dg.pageSize}</if>
	</select>
	<select id="getCount" resultType="Integer">
		select count(1) from
		t_sys_menu;
	</select>
	<select id="getByPids" parameterType="java.lang.String"
		resultMap="BaseResultMap">
		select
		<include refid="Base_Column_List" />
		from t_sys_menu
		WHERE pid IN
		<foreach collection="mids" item="id" index="index" open="("
			close=")" separator=",">
			#{id}
		</foreach>
	</select>
	<select id="getByIds" parameterType="java.lang.String"
		resultMap="BaseResultMap">
		select
		<include refid="Base_Column_List" />
		from t_sys_menu
		WHERE id IN
		<foreach collection="mids" item="id" index="index" open="("
			close=")" separator=",">
			#{id}
		</foreach>
	</select>
	<select id="getByUserId" parameterType="java.lang.String"
		resultMap="BaseResultMap">
		select distinct menu.* from (select distinct m1.id,m1.pid from T_SYS_MENU m1,T_SYS_ROLE_MENU r where
		m1.id = r.menu_id
		and r.role_id in (select u.role_id from
		T_SYS_USER_ROLE u where
		u.user_id = #{id})) m ,t_sys_menu menu where m.id = menu.id or m.pid = menu.id order by menu.level desc
	</select>
</mapper>