<?xml version="1.0" encoding="UTF-8"?>
<!DOCTYPE mapper PUBLIC "-//mybatis.org//DTD Mapper 3.0//EN" "http://mybatis.org/dtd/mybatis-3-mapper.dtd">
<mapper namespace="com.system.dao.RoleMenuMapper">
	<resultMap id="BaseResultMap" type="com.system.domain.RoleMenu">
		<!-- WARNING - @mbg.generated This element is automatically generated by 
			MyBatis Generator, do not modify. This element was generated on Fri May 25 
			15:59:03 CST 2018. -->
		<id column="id" jdbcType="VARCHAR" property="id" />
		<result column="role_id" jdbcType="VARCHAR" property="roleId" />
		<result column="menu_id" jdbcType="VARCHAR" property="menuId" />
	</resultMap>
	<sql id="Base_Column_List">
		<!-- WARNING - @mbg.generated This element is automatically generated by 
			MyBatis Generator, do not modify. This element was generated on Fri May 25 
			15:59:03 CST 2018. -->
		id, role_id, menu_id
	</sql>
	<select id="selectByPrimaryKey" parameterType="java.lang.String"
		resultMap="BaseResultMap">
		<!-- WARNING - @mbg.generated This element is automatically generated by 
			MyBatis Generator, do not modify. This element was generated on Fri May 25 
			15:59:03 CST 2018. -->
		select
		<include refid="Base_Column_List" />
		from t_sys_role_menu
		where id = #{id,jdbcType=VARCHAR}
	</select>
	<delete id="deleteByPrimaryKey" parameterType="java.lang.String">
		<!-- WARNING - @mbg.generated This element is automatically generated by 
			MyBatis Generator, do not modify. This element was generated on Fri May 25 
			15:59:03 CST 2018. -->
		delete from t_sys_role_menu
		where id = #{id,jdbcType=VARCHAR}
	</delete>
	<insert id="insert" parameterType="com.system.domain.RoleMenu">
		<!-- WARNING - @mbg.generated This element is automatically generated by 
			MyBatis Generator, do not modify. This element was generated on Fri May 25 
			15:59:03 CST 2018. -->
		insert into t_sys_role_menu (id, role_id, menu_id
		)
		values (#{id,jdbcType=VARCHAR}, #{roleId,jdbcType=VARCHAR},
		#{menuId,jdbcType=VARCHAR}
		)
	</insert>
	<insert id="insertSelective" parameterType="com.system.domain.RoleMenu">
		<!-- WARNING - @mbg.generated This element is automatically generated by 
			MyBatis Generator, do not modify. This element was generated on Fri May 25 
			15:59:03 CST 2018. -->
		insert into t_sys_role_menu
		<trim prefix="(" suffix=")" suffixOverrides=",">
			<if test="id != null">
				id,
			</if>
			<if test="roleId != null">
				role_id,
			</if>
			<if test="menuId != null">
				menu_id,
			</if>
		</trim>
		<trim prefix="values (" suffix=")" suffixOverrides=",">
			<if test="id != null">
				#{id,jdbcType=VARCHAR},
			</if>
			<if test="roleId != null">
				#{roleId,jdbcType=VARCHAR},
			</if>
			<if test="menuId != null">
				#{menuId,jdbcType=VARCHAR},
			</if>
		</trim>
	</insert>
	<update id="updateByPrimaryKeySelective" parameterType="com.system.domain.RoleMenu">
		<!-- WARNING - @mbg.generated This element is automatically generated by 
			MyBatis Generator, do not modify. This element was generated on Fri May 25 
			15:59:03 CST 2018. -->
		update t_sys_role_menu
		<set>
			<if test="roleId != null">
				role_id = #{roleId,jdbcType=VARCHAR},
			</if>
			<if test="menuId != null">
				menu_id = #{menuId,jdbcType=VARCHAR},
			</if>
		</set>
		where id = #{id,jdbcType=VARCHAR}
	</update>
	<update id="updateByPrimaryKey" parameterType="com.system.domain.RoleMenu">
		<!-- WARNING - @mbg.generated This element is automatically generated by 
			MyBatis Generator, do not modify. This element was generated on Fri May 25 
			15:59:03 CST 2018. -->
		update t_sys_role_menu
		set role_id = #{roleId,jdbcType=VARCHAR},
		menu_id = #{menuId,jdbcType=VARCHAR}
		where id = #{id,jdbcType=VARCHAR}
	</update>

	<delete id="deleteByRoleId" parameterType="java.lang.String">
		delete from t_sys_role_menu where role_id = #{roleId,jdbcType=VARCHAR}
	</delete>


	<select id="getByRoleId" parameterType="java.lang.String"
		resultMap="BaseResultMap">
		select
		<include refid="Base_Column_List" />
		from t_sys_role_menu
		where role_id = #{roleId,jdbcType=VARCHAR}
	</select>
</mapper>