<?xml version="1.0" encoding="UTF-8"?>
<!DOCTYPE mapper PUBLIC "-//mybatis.org//DTD Mapper 3.0//EN" "http://mybatis.org/dtd/mybatis-3-mapper.dtd">
<mapper namespace="com.system.dao.RoleMapper">
	<resultMap id="BaseResultMap" type="com.system.domain.Role">
		<!-- WARNING - @mbg.generated This element is automatically generated by 
			MyBatis Generator, do not modify. This element was generated on Fri May 25 
			14:28:42 CST 2018. -->
		<id column="id" jdbcType="VARCHAR" property="id" />
		<result column="role_code" jdbcType="VARCHAR" property="roleCode" />
		<result column="role_name" jdbcType="VARCHAR" property="roleName" />
		<result column="des" jdbcType="VARCHAR" property="des" />
		<result column="state" jdbcType="VARCHAR" property="state" />
	</resultMap>
	<sql id="Base_Column_List">
		<!-- WARNING - @mbg.generated This element is automatically generated by 
			MyBatis Generator, do not modify. This element was generated on Fri May 25 
			14:28:42 CST 2018. -->
		id, role_code, role_name, des, state
	</sql>
	<select id="selectByPrimaryKey" parameterType="java.lang.String"
		resultMap="BaseResultMap">
		<!-- WARNING - @mbg.generated This element is automatically generated by 
			MyBatis Generator, do not modify. This element was generated on Fri May 25 
			14:28:42 CST 2018. -->
		select
		<include refid="Base_Column_List" />
		from t_sys_role
		where id = #{id,jdbcType=VARCHAR}
	</select>
	<delete id="deleteByPrimaryKey" parameterType="java.lang.String">
		<!-- WARNING - @mbg.generated This element is automatically generated by 
			MyBatis Generator, do not modify. This element was generated on Fri May 25 
			14:28:42 CST 2018. -->
		delete from t_sys_role
		where id = #{id,jdbcType=VARCHAR}
	</delete>
	<insert id="insert" parameterType="com.system.domain.Role">
		<!-- WARNING - @mbg.generated This element is automatically generated by 
			MyBatis Generator, do not modify. This element was generated on Fri May 25 
			14:28:42 CST 2018. -->
		insert into t_sys_role (id, role_code, role_name,
		des, state)
		values
		(#{id,jdbcType=VARCHAR}, #{roleCode,jdbcType=VARCHAR},
		#{roleName,jdbcType=VARCHAR},
		#{des,jdbcType=VARCHAR},
		#{state,jdbcType=VARCHAR})
	</insert>
	<insert id="insertSelective" parameterType="com.system.domain.Role">
		<!-- WARNING - @mbg.generated This element is automatically generated by 
			MyBatis Generator, do not modify. This element was generated on Fri May 25 
			14:28:42 CST 2018. -->
		insert into t_sys_role
		<trim prefix="(" suffix=")" suffixOverrides=",">
			<if test="id != null">
				id,
			</if>
			<if test="roleCode != null">
				role_code,
			</if>
			<if test="roleName != null">
				role_name,
			</if>
			<if test="des != null">
				des,
			</if>
			<if test="state != null">
				state,
			</if>
		</trim>
		<trim prefix="values (" suffix=")" suffixOverrides=",">
			<if test="id != null">
				#{id,jdbcType=VARCHAR},
			</if>
			<if test="roleCode != null">
				#{roleCode,jdbcType=VARCHAR},
			</if>
			<if test="roleName != null">
				#{roleName,jdbcType=VARCHAR},
			</if>
			<if test="des != null">
				#{des,jdbcType=VARCHAR},
			</if>
			<if test="state != null">
				#{state,jdbcType=VARCHAR},
			</if>
		</trim>
	</insert>
	<update id="updateByPrimaryKeySelective" parameterType="com.system.domain.Role">
		<!-- WARNING - @mbg.generated This element is automatically generated by 
			MyBatis Generator, do not modify. This element was generated on Fri May 25 
			14:28:42 CST 2018. -->
		update t_sys_role
		<set>
			<if test="roleCode != null">
				role_code = #{roleCode,jdbcType=VARCHAR},
			</if>
			<if test="roleName != null">
				role_name = #{roleName,jdbcType=VARCHAR},
			</if>
			<if test="des != null">
				des = #{des,jdbcType=VARCHAR},
			</if>
			<if test="state != null">
				state = #{state,jdbcType=VARCHAR},
			</if>
		</set>
		where id = #{id,jdbcType=VARCHAR}
	</update>
	<update id="updateByPrimaryKey" parameterType="com.system.domain.Role">
		<!-- WARNING - @mbg.generated This element is automatically generated by 
			MyBatis Generator, do not modify. This element was generated on Fri May 25 
			14:28:42 CST 2018. -->
		update t_sys_role
		set role_code = #{roleCode,jdbcType=VARCHAR},
		role_name = #{roleName,jdbcType=VARCHAR},
		des =
		#{des,jdbcType=VARCHAR},
		state = #{state,jdbcType=VARCHAR}
		where id =
		#{id,jdbcType=VARCHAR}
	</update>

	<select id="getAll" parameterType="com.base.tools.PageBean"
		resultMap="BaseResultMap">
		select
		<include refid="Base_Column_List" />
		from t_sys_role
		<where>
			1=1
			<if test="role.roleCode != '' and role.roleCode != null">
				and role_code = #{role.roleCode}
			</if>
			<if test="role.roleName != null and role.roleName != ''">
				and role_name like
				concat(concat('%',#{role.roleName}),'%')
			</if>
		</where>
		order by role_code
		<if test="dg.startRow != null and dg.pageSize != null">limit #{dg.startRow},#{dg.pageSize}</if>
	</select>

	<select id="queryRoleByMenuIds" parameterType="java.lang.String"
		resultMap="BaseResultMap">
		select distinct
		<include refid="Base_Column_List" />
		from T_SYS_ROLE r where r.id in (select
		rm.role_id from T_SYS_ROLE_MENU
		rm WHERE rm.menu_id IN
		<foreach collection="mids" item="id" index="index" open="("
			close=")" separator=",">
			#{id}
		</foreach>
		)
	</select>

	<select id="getCount" resultType="Integer">
		select count(1) from
		T_SYS_ROLE;
	</select>
</mapper>