<?xml version="1.0" encoding="UTF-8"?>
<!DOCTYPE mapper PUBLIC "-//mybatis.org//DTD Mapper 3.0//EN" "http://mybatis.org/dtd/mybatis-3-mapper.dtd">
<mapper namespace="com.system.dao.UserMapper">
	<resultMap id="BaseResultMap" type="com.system.domain.User">
		<!-- WARNING - @mbg.generated This element is automatically generated by 
			MyBatis Generator, do not modify. This element was generated on Fri May 25 
			14:02:03 CST 2018. -->
		<id column="id" jdbcType="VARCHAR" property="id" />
		<result column="LOGINNAME" jdbcType="VARCHAR" property="loginname" />
		<result column="LOGINPWD" jdbcType="VARCHAR" property="loginpwd" />
		<result column="name" jdbcType="VARCHAR" property="name" />
		<result column="state" jdbcType="VARCHAR" property="state" />
	</resultMap>
	<sql id="Base_Column_List">
		<!-- WARNING - @mbg.generated This element is automatically generated by 
			MyBatis Generator, do not modify. This element was generated on Fri May 25 
			14:02:03 CST 2018. -->
		id, LOGINNAME, LOGINPWD, name, state
	</sql>
	<select id="selectByPrimaryKey" parameterType="java.lang.String"
		resultMap="BaseResultMap">
		<!-- WARNING - @mbg.generated This element is automatically generated by 
			MyBatis Generator, do not modify. This element was generated on Fri May 25 
			14:02:03 CST 2018. -->
		select
		<include refid="Base_Column_List" />
		from t_sys_user
		where id = #{id,jdbcType=VARCHAR}
	</select>
	<delete id="deleteByPrimaryKey" parameterType="java.lang.String">
		<!-- WARNING - @mbg.generated This element is automatically generated by 
			MyBatis Generator, do not modify. This element was generated on Fri May 25 
			14:02:03 CST 2018. -->
		delete from t_sys_user
		WHERE id IN
		<foreach collection="mids" item="id" index="index" open="("
			close=")" separator=",">
			#{id}
		</foreach>
	</delete>
	<insert id="insertSelective" parameterType="com.system.domain.User">
		<!-- WARNING - @mbg.generated This element is automatically generated by 
			MyBatis Generator, do not modify. This element was generated on Fri May 25 
			14:02:03 CST 2018. -->
		insert into t_sys_user
		<trim prefix="(" suffix=")" suffixOverrides=",">
			<if test="id != null">
				id,
			</if>
			<if test="loginname != null">
				LOGINNAME,
			</if>
			<if test="loginpwd != null">
				LOGINPWD,
			</if>
			<if test="name != null">
				name,
			</if>
			<if test="state != null">
				state,
			</if>
		</trim>
		<trim prefix="values (" suffix=")" suffixOverrides=",">
			<if test="id != null">
				#{id,jdbcType=VARCHAR},
			</if>
			<if test="loginname != null">
				#{loginname,jdbcType=VARCHAR},
			</if>
			<if test="loginpwd != null">
				#{loginpwd,jdbcType=VARCHAR},
			</if>
			<if test="name != null">
				#{name,jdbcType=VARCHAR},
			</if>
			<if test="state != null">
				#{state,jdbcType=VARCHAR},
			</if>
		</trim>
	</insert>
	<update id="updateByPrimaryKeySelective" parameterType="com.system.domain.User">
		<!-- WARNING - @mbg.generated This element is automatically generated by 
			MyBatis Generator, do not modify. This element was generated on Fri May 25 
			14:02:03 CST 2018. -->
		update t_sys_user
		<set>
			<if test="loginname != null">
				LOGINNAME = #{loginname,jdbcType=VARCHAR},
			</if>
			<if test="loginpwd != null">
				LOGINPWD = #{loginpwd,jdbcType=VARCHAR},
			</if>
			<if test="name != null">
				name = #{name,jdbcType=VARCHAR},
			</if>
			<if test="state != null">
				state = #{state,jdbcType=VARCHAR},
			</if>
		</set>
		where id = #{id,jdbcType=VARCHAR}
	</update>

	<select id="getByLoginame" parameterType="java.lang.String"
		resultMap="BaseResultMap">
		SELECT
		<include refid="Base_Column_List" />
		FROM t_sys_user WHERE LOGINNAME = #{loginame}
	</select>

	<select id="queryAll" resultMap="BaseResultMap">
		select
		<include refid="Base_Column_List" />
		from T_SYS_USER
		<where>
			1=1
			<if test="user.loginname != '' and user.loginname != null">
				and LOGINNAME like
				concat(concat('%',#{user.loginname}),'%')
			</if>
			<if test="user.name != null and user.name != ''">
				and name like concat(concat('%',#{user.name}),'%')
			</if>
			<if test="user.state != null and user.state != ''">
				and state = #{user.state,jdbcType=VARCHAR}
			</if>
		</where>
		<if test="dg.column != null and dg.dir != null">order by ${dg.column} ${dg.dir}</if>
		<if test="dg.startRow != null and dg.pageSize != null">limit #{dg.startRow},#{dg.pageSize}</if>
	</select>

	<select id="getCount" resultType="java.lang.Integer">
	select count(1) from
		T_SYS_USER
		<where>
			1=1
			<if test="loginname != '' and loginname != null">
				and LOGINNAME like
				concat(concat('%',#{loginname}),'%')
			</if>
			<if test="name != null and name != ''">
				and name like concat(concat('%',#{name}),'%')
			</if>
			<if test="state != null and state != ''">
				and state = #{state,jdbcType=VARCHAR}
			</if>
		</where>
	</select>

</mapper>