<?xml version="1.0" encoding="UTF-8"?>
<!DOCTYPE mapper PUBLIC "-//mybatis.org//DTD Mapper 3.0//EN" "http://mybatis.org/dtd/mybatis-3-mapper.dtd">
<mapper namespace="com.system.dao.UserRoleMapper">
	<resultMap id="BaseResultMap" type="com.system.domain.UserRole">
		<!-- WARNING - @mbg.generated This element is automatically generated by 
			MyBatis Generator, do not modify. This element was generated on Fri May 25 
			14:22:02 CST 2018. -->
		<id column="id" jdbcType="VARCHAR" property="id" />
		<result column="user_id" jdbcType="VARCHAR" property="userId" />
		<result column="role_id" jdbcType="VARCHAR" property="roleId" />
		<result column="user_type" jdbcType="VARCHAR" property="userType" />
	</resultMap>
	<sql id="Base_Column_List">
		<!-- WARNING - @mbg.generated This element is automatically generated by 
			MyBatis Generator, do not modify. This element was generated on Fri May 25 
			14:22:02 CST 2018. -->
		id, user_id, role_id, user_type
	</sql>
	<select id="selectByPrimaryKey" parameterType="java.lang.String"
		resultMap="BaseResultMap">
		<!-- WARNING - @mbg.generated This element is automatically generated by 
			MyBatis Generator, do not modify. This element was generated on Fri May 25 
			14:22:02 CST 2018. -->
		select
		<include refid="Base_Column_List" />
		from t_sys_user_role
		where id = #{id,jdbcType=VARCHAR}
	</select>
	<delete id="deleteByPrimaryKey" parameterType="java.lang.String">
		<!-- WARNING - @mbg.generated This element is automatically generated by 
			MyBatis Generator, do not modify. This element was generated on Fri May 25 
			14:22:02 CST 2018. -->
		delete from t_sys_user_role
		where id = #{id,jdbcType=VARCHAR}
	</delete>
	<insert id="insert" parameterType="com.system.domain.UserRole">
		<!-- WARNING - @mbg.generated This element is automatically generated by 
			MyBatis Generator, do not modify. This element was generated on Fri May 25 
			14:22:02 CST 2018. -->
		insert into t_sys_user_role (id, user_id, role_id,
		user_type)
		values
		(#{id,jdbcType=VARCHAR}, #{userId,jdbcType=VARCHAR},
		#{roleId,jdbcType=VARCHAR},
		#{userType,jdbcType=VARCHAR})
	</insert>
	<insert id="insertSelective" parameterType="com.system.domain.UserRole">
		<!-- WARNING - @mbg.generated This element is automatically generated by 
			MyBatis Generator, do not modify. This element was generated on Fri May 25 
			14:22:02 CST 2018. -->
		insert into t_sys_user_role
		<trim prefix="(" suffix=")" suffixOverrides=",">
			<if test="id != null">
				id,
			</if>
			<if test="userId != null">
				user_id,
			</if>
			<if test="roleId != null">
				role_id,
			</if>
			<if test="userType != null">
				user_type,
			</if>
		</trim>
		<trim prefix="values (" suffix=")" suffixOverrides=",">
			<if test="id != null">
				#{id,jdbcType=VARCHAR},
			</if>
			<if test="userId != null">
				#{userId,jdbcType=VARCHAR},
			</if>
			<if test="roleId != null">
				#{roleId,jdbcType=VARCHAR},
			</if>
			<if test="userType != null">
				#{userType,jdbcType=VARCHAR},
			</if>
		</trim>
	</insert>
	<update id="updateByPrimaryKeySelective" parameterType="com.system.domain.UserRole">
		<!-- WARNING - @mbg.generated This element is automatically generated by 
			MyBatis Generator, do not modify. This element was generated on Fri May 25 
			14:22:02 CST 2018. -->
		update t_sys_user_role
		<set>
			<if test="userId != null">
				user_id = #{userId,jdbcType=VARCHAR},
			</if>
			<if test="roleId != null">
				role_id = #{roleId,jdbcType=VARCHAR},
			</if>
			<if test="userType != null">
				user_type = #{userType,jdbcType=VARCHAR},
			</if>
		</set>
		where id = #{id,jdbcType=VARCHAR}
	</update>
	<update id="updateByPrimaryKey" parameterType="com.system.domain.UserRole">
		<!-- WARNING - @mbg.generated This element is automatically generated by 
			MyBatis Generator, do not modify. This element was generated on Fri May 25 
			14:22:02 CST 2018. -->
		update t_sys_user_role
		set user_id = #{userId,jdbcType=VARCHAR},
		role_id = #{roleId,jdbcType=VARCHAR},
		user_type =
		#{userType,jdbcType=VARCHAR}
		where id = #{id,jdbcType=VARCHAR}
	</update>

	<delete id="deleteByUserId" parameterType="java.lang.String">
		delete from
		t_sys_user_role where user_id = #{userId,jdbcType=VARCHAR}
	</delete>

	<select id="getByUserId" parameterType="java.lang.String"
		resultMap="BaseResultMap">
		select
		<include refid="Base_Column_List" />
		from t_sys_user_role
		where user_id = #{userid,jdbcType=VARCHAR}
	</select>
	
	
	<select id="getByRoleIds" parameterType="java.lang.String"
		resultMap="BaseResultMap">
		SELECT <include refid="Base_Column_List" /> FROM T_SYS_USER_ROLE WHERE ROLE_ID IN (#{roleids,jdbcType=VARCHAR})
	</select>
</mapper>